<vm name="fm">
  <binaryOptions>
    <configurationOption>
      <name>root</name>
      <outputString>
      </outputString>
      <prefix>
      </prefix>
      <postfix>
      </postfix>
      <parent>
      </parent>
      <impliedOptions />
      <excludedOptions />
      <optional>False</optional>
    </configurationOption>
    <configurationOption>
      <name>sendfile</name>
      <outputString>
      </outputString>
      <prefix>
      </prefix>
      <postfix>
      </postfix>
      <parent>root</parent>
      <impliedOptions />
      <excludedOptions />
      <optional>True</optional>
    </configurationOption>
    <configurationOption>
      <name>compression</name>
      <outputString>
      </outputString>
      <prefix>
      </prefix>
      <postfix>
      </postfix>
      <parent>root</parent>
      <impliedOptions />
      <excludedOptions />
      <optional>True</optional>
    </configurationOption>
    <configurationOption>
      <name>noCompression</name>
      <outputString>
      </outputString>
      <prefix>
      </prefix>
      <postfix>
      </postfix>
      <parent>root</parent>
      <impliedOptions />
      <excludedOptions />
      <optional>True</optional>
    </configurationOption>
    <configurationOption>
      <name>serverCache</name>
      <outputString>
      </outputString>
      <prefix>
      </prefix>
      <postfix>
      </postfix>
      <parent>root</parent>
      <impliedOptions />
      <excludedOptions />
      <optional>True</optional>
    </configurationOption>
    <configurationOption>
      <name>keepalive</name>
      <outputString>
      </outputString>
      <prefix>
      </prefix>
      <postfix>
      </postfix>
      <parent>root</parent>
      <impliedOptions />
      <excludedOptions />
      <optional>True</optional>
    </configurationOption>
    <configurationOption>
      <name>basicAuth</name>
      <outputString>
      </outputString>
      <prefix>
      </prefix>
      <postfix>
      </postfix>
      <parent>root</parent>
      <impliedOptions />
      <excludedOptions />
      <optional>True</optional>
    </configurationOption>
    <configurationOption>
      <name>tls</name>
      <outputString>
      </outputString>
      <prefix>
      </prefix>
      <postfix>
      </postfix>
      <parent>root</parent>
      <impliedOptions />
      <excludedOptions />
      <optional>True</optional>
    </configurationOption>
    <configurationOption>
      <name>ecdsaCertificate</name>
      <outputString>
      </outputString>
      <prefix>
      </prefix>
      <postfix>
      </postfix>
      <parent>tls</parent>
      <impliedOptions />
      <excludedOptions />
      <optional>False</optional>
    </configurationOption>
    <configurationOption>
      <name>aesTls</name>
      <outputString>
      </outputString>
      <prefix>
      </prefix>
      <postfix>
      </postfix>
      <parent>tls</parent>
      <impliedOptions />
      <excludedOptions />
      <optional>True</optional>
    </configurationOption>
    <configurationOption>
      <name>tlsMoreBits</name>
      <outputString>
      </outputString>
      <prefix>
      </prefix>
      <postfix>
      </postfix>
      <parent>aesTls</parent>
      <impliedOptions />
      <excludedOptions />
      <optional>True</optional>
    </configurationOption>
    <configurationOption>
      <name>mpm</name>
      <outputString>
      </outputString>
      <prefix>
      </prefix>
      <postfix>
      </postfix>
      <parent>root</parent>
      <impliedOptions />
      <excludedOptions />
      <optional>False</optional>
    </configurationOption>
    <configurationOption>
      <name>event</name>
      <outputString>
      </outputString>
      <prefix>
      </prefix>
      <postfix>
      </postfix>
      <parent>mpm</parent>
      <impliedOptions />
      <excludedOptions>
        <options>worker</options>
      </excludedOptions>
      <optional>False</optional>
    </configurationOption>
    <configurationOption>
      <name>worker</name>
      <outputString>
      </outputString>
      <prefix>
      </prefix>
      <postfix>
      </postfix>
      <parent>mpm</parent>
      <impliedOptions />
      <excludedOptions>
        <options>event</options>
      </excludedOptions>
      <optional>False</optional>
    </configurationOption>
    <configurationOption>
      <name>processCount</name>
      <outputString>
      </outputString>
      <prefix>
      </prefix>
      <postfix>
      </postfix>
      <parent>root</parent>
      <impliedOptions />
      <excludedOptions />
      <optional>False</optional>
    </configurationOption>
    <configurationOption>
      <name>processCount_8</name>
      <outputString>8</outputString>
      <prefix>
      </prefix>
      <postfix>
      </postfix>
      <parent>processCount</parent>
      <impliedOptions />
      <excludedOptions>
        <options>processCount_16</options>
        <options>processCount_32</options>
        <options>processCount_64</options>
      </excludedOptions>
      <optional>False</optional>
    </configurationOption>
    <configurationOption>
      <name>processCount_16</name>
      <outputString>16</outputString>
      <prefix>
      </prefix>
      <postfix>
      </postfix>
      <parent>processCount</parent>
      <impliedOptions />
      <excludedOptions>
        <options>processCount_8</options>
        <options>processCount_32</options>
        <options>processCount_64</options>
      </excludedOptions>
      <optional>False</optional>
    </configurationOption>
    <configurationOption>
      <name>processCount_32</name>
      <outputString>32</outputString>
      <prefix>
      </prefix>
      <postfix>
      </postfix>
      <parent>processCount</parent>
      <impliedOptions />
      <excludedOptions>
        <options>processCount_8</options>
        <options>processCount_16</options>
        <options>processCount_64</options>
      </excludedOptions>
      <optional>False</optional>
    </configurationOption>
    <configurationOption>
      <name>processCount_64</name>
      <outputString>64</outputString>
      <prefix>
      </prefix>
      <postfix>
      </postfix>
      <parent>processCount</parent>
      <impliedOptions />
      <excludedOptions>
        <options>processCount_8</options>
        <options>processCount_16</options>
        <options>processCount_32</options>
      </excludedOptions>
      <optional>False</optional>
    </configurationOption>
    <configurationOption>
      <name>compressionLevel</name>
      <outputString>
      </outputString>
      <prefix>
      </prefix>
      <postfix>
      </postfix>
      <parent>root</parent>
      <impliedOptions />
      <excludedOptions />
      <optional>False</optional>
    </configurationOption>
    <configurationOption>
      <name>compressionLevel_1</name>
      <outputString>1</outputString>
      <prefix>
      </prefix>
      <postfix>
      </postfix>
      <parent>compressionLevel</parent>
      <impliedOptions />
      <excludedOptions>
        <options>compressionLevel_5</options>
        <options>compressionLevel_9</options>
      </excludedOptions>
      <optional>False</optional>
    </configurationOption>
    <configurationOption>
      <name>compressionLevel_5</name>
      <outputString>5</outputString>
      <prefix>
      </prefix>
      <postfix>
      </postfix>
      <parent>compressionLevel</parent>
      <impliedOptions />
      <excludedOptions>
        <options>compressionLevel_1</options>
        <options>compressionLevel_9</options>
      </excludedOptions>
      <optional>False</optional>
    </configurationOption>
    <configurationOption>
      <name>compressionLevel_9</name>
      <outputString>9</outputString>
      <prefix>
      </prefix>
      <postfix>
      </postfix>
      <parent>compressionLevel</parent>
      <impliedOptions />
      <excludedOptions>
        <options>compressionLevel_1</options>
        <options>compressionLevel_5</options>
      </excludedOptions>
      <optional>False</optional>
    </configurationOption>
    <configurationOption>
      <name>threadCount</name>
      <outputString>
      </outputString>
      <prefix>
      </prefix>
      <postfix>
      </postfix>
      <parent>root</parent>
      <impliedOptions />
      <excludedOptions />
      <optional>False</optional>
    </configurationOption>
    <configurationOption>
      <name>threadCount_16</name>
      <outputString>16</outputString>
      <prefix>
      </prefix>
      <postfix>
      </postfix>
      <parent>threadCount</parent>
      <impliedOptions />
      <excludedOptions>
        <options>threadCount_32</options>
        <options>threadCount_64</options>
        <options>threadCount_128</options>
        <options>threadCount_256</options>
      </excludedOptions>
      <optional>False</optional>
    </configurationOption>
    <configurationOption>
      <name>threadCount_32</name>
      <outputString>32</outputString>
      <prefix>
      </prefix>
      <postfix>
      </postfix>
      <parent>threadCount</parent>
      <impliedOptions />
      <excludedOptions>
        <options>threadCount_16</options>
        <options>threadCount_64</options>
        <options>threadCount_128</options>
        <options>threadCount_256</options>
      </excludedOptions>
      <optional>False</optional>
    </configurationOption>
    <configurationOption>
      <name>threadCount_64</name>
      <outputString>64</outputString>
      <prefix>
      </prefix>
      <postfix>
      </postfix>
      <parent>threadCount</parent>
      <impliedOptions />
      <excludedOptions>
        <options>threadCount_16</options>
        <options>threadCount_32</options>
        <options>threadCount_128</options>
        <options>threadCount_256</options>
      </excludedOptions>
      <optional>False</optional>
    </configurationOption>
    <configurationOption>
      <name>threadCount_128</name>
      <outputString>128</outputString>
      <prefix>
      </prefix>
      <postfix>
      </postfix>
      <parent>threadCount</parent>
      <impliedOptions />
      <excludedOptions>
        <options>threadCount_16</options>
        <options>threadCount_32</options>
        <options>threadCount_64</options>
        <options>threadCount_256</options>
      </excludedOptions>
      <optional>False</optional>
    </configurationOption>
    <configurationOption>
      <name>threadCount_256</name>
      <outputString>256</outputString>
      <prefix>
      </prefix>
      <postfix>
      </postfix>
      <parent>threadCount</parent>
      <impliedOptions />
      <excludedOptions>
        <options>threadCount_16</options>
        <options>threadCount_32</options>
        <options>threadCount_64</options>
        <options>threadCount_128</options>
      </excludedOptions>
      <optional>False</optional>
    </configurationOption>
  </binaryOptions>
  <numericOptions />
  <booleanConstraints>
    <constraint>!compression | !keepalive</constraint>
    <constraint>compression | noCompression</constraint>
    <constraint>!compression | !noCompression</constraint>
    <constraint>!event | !keepalive</constraint>
    <constraint>!processCount_8 | !threadCount_16</constraint>
    <constraint>!processCount_8 | !threadCount_32</constraint>
    <constraint>!processCount_8 | !threadCount_64</constraint>
    <constraint>!processCount_16 | !threadCount_16</constraint>
    <constraint>!processCount_16 | !threadCount_32</constraint>
    <constraint>!processCount_32 | !threadCount_16</constraint>
  </booleanConstraints>
  <nonBooleanConstraints />
  <mixedConstraints>
    <constraint req="none" exprKind="pos"> ( noCompression * 1 * ( noCompression * ( ( compressionLevel_1 * 1 ) + ( compressionLevel_5 * 5 ) + ( compressionLevel_9 * 9 ) ) ) ) = ( ( 1 ) * 1 * noCompression )</constraint>
  </mixedConstraints>
</vm>