<vm name="libvpx">
  <binaryOptions>
    <configurationOption>
      <name>root</name>
      <outputString>
      </outputString>
      <prefix>
      </prefix>
      <postfix>
      </postfix>
      <parent>
      </parent>
      <impliedOptions />
      <excludedOptions />
      <optional>False</optional>
    </configurationOption>
    <configurationOption>
      <name>twoPass</name>
      <outputString>
      </outputString>
      <prefix>
      </prefix>
      <postfix>
      </postfix>
      <parent>root</parent>
      <impliedOptions />
      <excludedOptions />
      <optional>True</optional>
    </configurationOption>
    <configurationOption>
      <name>quality</name>
      <outputString>
      </outputString>
      <prefix>
      </prefix>
      <postfix>
      </postfix>
      <parent>root</parent>
      <impliedOptions />
      <excludedOptions />
      <optional>False</optional>
    </configurationOption>
    <configurationOption>
      <name>bestQuality</name>
      <outputString>
      </outputString>
      <prefix>
      </prefix>
      <postfix>
      </postfix>
      <parent>quality</parent>
      <impliedOptions />
      <excludedOptions>
        <options>goodQuality</options>
        <options>rtQuality</options>
      </excludedOptions>
      <optional>False</optional>
    </configurationOption>
    <configurationOption>
      <name>goodQuality</name>
      <outputString>
      </outputString>
      <prefix>
      </prefix>
      <postfix>
      </postfix>
      <parent>quality</parent>
      <impliedOptions />
      <excludedOptions>
        <options>bestQuality</options>
        <options>rtQuality</options>
      </excludedOptions>
      <optional>False</optional>
    </configurationOption>
    <configurationOption>
      <name>rtQuality</name>
      <outputString>
      </outputString>
      <prefix>
      </prefix>
      <postfix>
      </postfix>
      <parent>quality</parent>
      <impliedOptions />
      <excludedOptions>
        <options>bestQuality</options>
        <options>goodQuality</options>
      </excludedOptions>
      <optional>False</optional>
    </configurationOption>
    <configurationOption>
      <name>constantBitrate</name>
      <outputString>
      </outputString>
      <prefix>
      </prefix>
      <postfix>
      </postfix>
      <parent>root</parent>
      <impliedOptions />
      <excludedOptions />
      <optional>True</optional>
    </configurationOption>
    <configurationOption>
      <name>autoAltRef</name>
      <outputString>
      </outputString>
      <prefix>
      </prefix>
      <postfix>
      </postfix>
      <parent>twoPass</parent>
      <impliedOptions />
      <excludedOptions>
        <options>noAltRef</options>
      </excludedOptions>
      <optional>False</optional>
    </configurationOption>
    <configurationOption>
      <name>noAltRef</name>
      <outputString>
      </outputString>
      <prefix>
      </prefix>
      <postfix>
      </postfix>
      <parent>twoPass</parent>
      <impliedOptions />
      <excludedOptions>
        <options>autoAltRef</options>
      </excludedOptions>
      <optional>False</optional>
    </configurationOption>
    <configurationOption>
      <name>allowResize</name>
      <outputString>
      </outputString>
      <prefix>
      </prefix>
      <postfix>
      </postfix>
      <parent>root</parent>
      <impliedOptions />
      <excludedOptions />
      <optional>True</optional>
    </configurationOption>
    <configurationOption>
      <name>threads</name>
      <outputString>
      </outputString>
      <prefix>
      </prefix>
      <postfix>
      </postfix>
      <parent>root</parent>
      <impliedOptions />
      <excludedOptions />
      <optional>False</optional>
    </configurationOption>
    <configurationOption>
      <name>threads_1</name>
      <outputString>1</outputString>
      <prefix>
      </prefix>
      <postfix>
      </postfix>
      <parent>threads</parent>
      <impliedOptions />
      <excludedOptions>
        <options>threads_2</options>
        <options>threads_3</options>
        <options>threads_4</options>
      </excludedOptions>
      <optional>False</optional>
    </configurationOption>
    <configurationOption>
      <name>threads_2</name>
      <outputString>2</outputString>
      <prefix>
      </prefix>
      <postfix>
      </postfix>
      <parent>threads</parent>
      <impliedOptions />
      <excludedOptions>
        <options>threads_1</options>
        <options>threads_3</options>
        <options>threads_4</options>
      </excludedOptions>
      <optional>False</optional>
    </configurationOption>
    <configurationOption>
      <name>threads_3</name>
      <outputString>3</outputString>
      <prefix>
      </prefix>
      <postfix>
      </postfix>
      <parent>threads</parent>
      <impliedOptions />
      <excludedOptions>
        <options>threads_1</options>
        <options>threads_2</options>
        <options>threads_4</options>
      </excludedOptions>
      <optional>False</optional>
    </configurationOption>
    <configurationOption>
      <name>threads_4</name>
      <outputString>4</outputString>
      <prefix>
      </prefix>
      <postfix>
      </postfix>
      <parent>threads</parent>
      <impliedOptions />
      <excludedOptions>
        <options>threads_1</options>
        <options>threads_2</options>
        <options>threads_3</options>
      </excludedOptions>
      <optional>False</optional>
    </configurationOption>
    <configurationOption>
      <name>tokenParts</name>
      <outputString>
      </outputString>
      <prefix>
      </prefix>
      <postfix>
      </postfix>
      <parent>root</parent>
      <impliedOptions />
      <excludedOptions />
      <optional>False</optional>
    </configurationOption>
    <configurationOption>
      <name>tokenParts_0</name>
      <outputString>0</outputString>
      <prefix>
      </prefix>
      <postfix>
      </postfix>
      <parent>tokenParts</parent>
      <impliedOptions />
      <excludedOptions>
        <options>tokenParts_1</options>
        <options>tokenParts_2</options>
      </excludedOptions>
      <optional>False</optional>
    </configurationOption>
    <configurationOption>
      <name>tokenParts_1</name>
      <outputString>1</outputString>
      <prefix>
      </prefix>
      <postfix>
      </postfix>
      <parent>tokenParts</parent>
      <impliedOptions />
      <excludedOptions>
        <options>tokenParts_0</options>
        <options>tokenParts_2</options>
      </excludedOptions>
      <optional>False</optional>
    </configurationOption>
    <configurationOption>
      <name>tokenParts_2</name>
      <outputString>2</outputString>
      <prefix>
      </prefix>
      <postfix>
      </postfix>
      <parent>tokenParts</parent>
      <impliedOptions />
      <excludedOptions>
        <options>tokenParts_0</options>
        <options>tokenParts_1</options>
      </excludedOptions>
      <optional>False</optional>
    </configurationOption>
    <configurationOption>
      <name>arnrMaxFrames</name>
      <outputString>
      </outputString>
      <prefix>
      </prefix>
      <postfix>
      </postfix>
      <parent>root</parent>
      <impliedOptions />
      <excludedOptions />
      <optional>False</optional>
    </configurationOption>
    <configurationOption>
      <name>arnrMaxFrames_0</name>
      <outputString>0</outputString>
      <prefix>
      </prefix>
      <postfix>
      </postfix>
      <parent>arnrMaxFrames</parent>
      <impliedOptions />
      <excludedOptions>
        <options>arnrMaxFrames_5</options>
        <options>arnrMaxFrames_15</options>
      </excludedOptions>
      <optional>False</optional>
    </configurationOption>
    <configurationOption>
      <name>arnrMaxFrames_5</name>
      <outputString>5</outputString>
      <prefix>
      </prefix>
      <postfix>
      </postfix>
      <parent>arnrMaxFrames</parent>
      <impliedOptions />
      <excludedOptions>
        <options>arnrMaxFrames_0</options>
        <options>arnrMaxFrames_15</options>
      </excludedOptions>
      <optional>False</optional>
    </configurationOption>
    <configurationOption>
      <name>arnrMaxFrames_15</name>
      <outputString>15</outputString>
      <prefix>
      </prefix>
      <postfix>
      </postfix>
      <parent>arnrMaxFrames</parent>
      <impliedOptions />
      <excludedOptions>
        <options>arnrMaxFrames_0</options>
        <options>arnrMaxFrames_5</options>
      </excludedOptions>
      <optional>False</optional>
    </configurationOption>
    <configurationOption>
      <name>arnrStrength</name>
      <outputString>
      </outputString>
      <prefix>
      </prefix>
      <postfix>
      </postfix>
      <parent>root</parent>
      <impliedOptions />
      <excludedOptions />
      <optional>False</optional>
    </configurationOption>
    <configurationOption>
      <name>arnrStrength_0</name>
      <outputString>0</outputString>
      <prefix>
      </prefix>
      <postfix>
      </postfix>
      <parent>arnrStrength</parent>
      <impliedOptions />
      <excludedOptions>
        <options>arnrStrength_3</options>
        <options>arnrStrength_6</options>
      </excludedOptions>
      <optional>False</optional>
    </configurationOption>
    <configurationOption>
      <name>arnrStrength_3</name>
      <outputString>3</outputString>
      <prefix>
      </prefix>
      <postfix>
      </postfix>
      <parent>arnrStrength</parent>
      <impliedOptions />
      <excludedOptions>
        <options>arnrStrength_0</options>
        <options>arnrStrength_6</options>
      </excludedOptions>
      <optional>False</optional>
    </configurationOption>
    <configurationOption>
      <name>arnrStrength_6</name>
      <outputString>6</outputString>
      <prefix>
      </prefix>
      <postfix>
      </postfix>
      <parent>arnrStrength</parent>
      <impliedOptions />
      <excludedOptions>
        <options>arnrStrength_0</options>
        <options>arnrStrength_3</options>
      </excludedOptions>
      <optional>False</optional>
    </configurationOption>
  </binaryOptions>
  <numericOptions />
  <booleanConstraints>
      <constraint>!noAltRef | arnrMaxFrames_0</constraint>
      <constraint>!noAltRef | arnrStrength_0</constraint>
  </booleanConstraints>
  <nonBooleanConstraints />
  <mixedConstraints />
</vm>