<vm name="featuremodel">
  <binaryOptions>
    <configurationOption>
      <name>root</name>
      <outputString>
      </outputString>
      <prefix>
      </prefix>
      <postfix>
      </postfix>
      <parent>
      </parent>
      <impliedOptions />
      <excludedOptions />
      <optional>False</optional>
    </configurationOption>
    <configurationOption>
      <name>compressed_script</name>
      <outputString>
      </outputString>
      <prefix>
      </prefix>
      <postfix>
      </postfix>
      <parent>root</parent>
      <impliedOptions />
      <excludedOptions />
      <optional>True</optional>
    </configurationOption>
    <configurationOption>
      <name>encryption</name>
      <outputString>
      </outputString>
      <prefix>
      </prefix>
      <postfix>
      </postfix>
      <parent>root</parent>
      <impliedOptions />
      <excludedOptions />
      <optional>True</optional>
    </configurationOption>
    <configurationOption>
      <name>crypt_aes</name>
      <outputString>
      </outputString>
      <prefix>
      </prefix>
      <postfix>
      </postfix>
      <parent>encryption</parent>
      <impliedOptions />
      <excludedOptions>
        <options>crypt_blowfish</options>
      </excludedOptions>
      <optional>False</optional>
    </configurationOption>
    <configurationOption>
      <name>crypt_blowfish</name>
      <outputString>
      </outputString>
      <prefix>
      </prefix>
      <postfix>
      </postfix>
      <parent>encryption</parent>
      <impliedOptions />
      <excludedOptions>
        <options>crypt_aes</options>
      </excludedOptions>
      <optional>False</optional>
    </configurationOption>
    <configurationOption>
      <name>transaction_control</name>
      <outputString>
      </outputString>
      <prefix>
      </prefix>
      <postfix>
      </postfix>
      <parent>root</parent>
      <impliedOptions />
      <excludedOptions />
      <optional>False</optional>
    </configurationOption>
    <configurationOption>
      <name>txc_mvlocks</name>
      <outputString>
      </outputString>
      <prefix>
      </prefix>
      <postfix>
      </postfix>
      <parent>transaction_control</parent>
      <impliedOptions />
      <excludedOptions>
        <options>txc_locks</options>
        <options>txc_mvcc</options>
      </excludedOptions>
      <optional>False</optional>
    </configurationOption>
    <configurationOption>
      <name>txc_mvcc</name>
      <outputString>
      </outputString>
      <prefix>
      </prefix>
      <postfix>
      </postfix>
      <parent>transaction_control</parent>
      <impliedOptions />
      <excludedOptions>
        <options>txc_locks</options>
        <options>txc_mvlocks</options>
      </excludedOptions>
      <optional>False</optional>
    </configurationOption>
    <configurationOption>
      <name>txc_locks</name>
      <outputString>
      </outputString>
      <prefix>
      </prefix>
      <postfix>
      </postfix>
      <parent>transaction_control</parent>
      <impliedOptions />
      <excludedOptions>
        <options>txc_mvcc</options>
        <options>txc_mvlocks</options>
      </excludedOptions>
      <optional>False</optional>
    </configurationOption>
    <configurationOption>
      <name>table_type</name>
      <outputString>
      </outputString>
      <prefix>
      </prefix>
      <postfix>
      </postfix>
      <parent>root</parent>
      <impliedOptions />
      <excludedOptions />
      <optional>False</optional>
    </configurationOption>
    <configurationOption>
      <name>memory_tables</name>
      <outputString>
      </outputString>
      <prefix>
      </prefix>
      <postfix>
      </postfix>
      <parent>table_type</parent>
      <impliedOptions />
      <excludedOptions>
        <options>cached_tables</options>
      </excludedOptions>
      <optional>False</optional>
    </configurationOption>
    <configurationOption>
      <name>cached_tables</name>
      <outputString>
      </outputString>
      <prefix>
      </prefix>
      <postfix>
      </postfix>
      <parent>table_type</parent>
      <impliedOptions />
      <excludedOptions>
        <options>memory_tables</options>
      </excludedOptions>
      <optional>False</optional>
    </configurationOption>
    <configurationOption>
      <name>small_cache</name>
      <outputString>
      </outputString>
      <prefix>
      </prefix>
      <postfix>
      </postfix>
      <parent>cached_tables</parent>
      <impliedOptions />
      <excludedOptions>
        <options>large_cache</options>
      </excludedOptions>
      <optional>True</optional>
    </configurationOption>
    <configurationOption>
      <name>large_cache</name>
      <outputString>
      </outputString>
      <prefix>
      </prefix>
      <postfix>
      </postfix>
      <parent>cached_tables</parent>
      <impliedOptions />
      <excludedOptions>
        <options>small_cache</options>
      </excludedOptions>
      <optional>True</optional>
    </configurationOption>
    <configurationOption>
      <name>logging</name>
      <outputString>
      </outputString>
      <prefix>
      </prefix>
      <postfix>
      </postfix>
      <parent>root</parent>
      <impliedOptions />
      <excludedOptions />
      <optional>True</optional>
    </configurationOption>
    <configurationOption>
      <name>detailed_logging</name>
      <outputString>
      </outputString>
      <prefix>
      </prefix>
      <postfix>
      </postfix>
      <parent>logging</parent>
      <impliedOptions />
      <excludedOptions />
      <optional>True</optional>
    </configurationOption>
    <configurationOption>
      <name>no_write_delay</name>
      <outputString>
      </outputString>
      <prefix>
      </prefix>
      <postfix>
      </postfix>
      <parent>root</parent>
      <impliedOptions />
      <excludedOptions />
      <optional>True</optional>
    </configurationOption>
    <configurationOption>
      <name>small_log</name>
      <outputString>
      </outputString>
      <prefix>
      </prefix>
      <postfix>
      </postfix>
      <parent>root</parent>
      <impliedOptions />
      <excludedOptions />
      <optional>True</optional>
    </configurationOption>
  </binaryOptions>
  <numericOptions />
  <booleanConstraints />
  <nonBooleanConstraints />
</vm>